,precision,recall,f1-score,support
0,0.0,0.0,0.0,1.0
1,0.0,0.0,0.0,2.0
2,0.6666666666666666,0.7692307692307693,0.7142857142857143,13.0
3,0.8235294117647058,0.875,0.8484848484848485,16.0
accuracy,0.75,0.75,0.75,0.75
macro avg,0.37254901960784315,0.4110576923076923,0.3906926406926407,32.0
weighted avg,0.6825980392156863,0.75,0.7144209956709957,32.0
